[CR] CoubyStark,Mirage-F1EE,[CR] OuiOui 1-1,Mirage-F1EE,1
[CR] CoubyStark,Mirage-F1EE,[CR] OuiOui 1-1,Mirage-F1EE,1
[CR] CoubyStark,Mirage-F1EE,[CR] OuiOui 1-1,Mirage-F1EE,1
[CR] CoubyStark,Mirage-F1EE,[CR] OuiOui 1-1,Mirage-F1EE,1
[CR] Madmat,FA-18C_hornet,[CR] OuiOui 1-1,FA-18C_hornet,1
[CR] Madmat,FA-18C_hornet,[CR] OuiOui 1-1,FA-18C_hornet,1
[CR] Madmat,FA-18C_hornet,[CR] CoubyStark,FA-18C_hornet,0
[LD_E] Noz,Mirage-F1EE,CoubyStark,FA-18C_hornet,1
[LD_E] Noz,Mirage-F1EE,CoubyStark,FA-18C_hornet,1
[LD_E] Noz,Mirage-F1EE,CoubyStark,FA-18C_hornet,0
[LD_E] Noz,Mirage-F1EE,CoubyStark,FA-18C_hornet,0
[LD_E] Noz,Mirage-F1EE,CoubyStark,FA-18C_hornet,0
[LD_E] Noz,Mirage-F1EE,CoubyStark,FA-18C_hornet,0
VALTA,F-16C_50,[CR] Madmat,FA-18C_hornet,0
CoubyStark,FA-18C_hornet,[CR] Madmat,FA-18C_hornet,1
CoubyStark,FA-18C_hornet,[CR] Madmat,FA-18C_hornet,1
VALTA,F-16C_50,[LD_E] Noz,F-16C_50,0
[EA11]-R2D2,FA-18C_hornet,<F=A=F>A2fou,F-16C_50,0
[EA11]-R2D2,FA-18C_hornet,<F=A=F>A2fou,F-16C_50,0
[EA11]-R2D2,FA-18C_hornet,<F=A=F>A2fou,F-16C_50,0
[EA11]-R2D2,FA-18C_hornet,<F=A=F>A2fou,F-16C_50,0
[EA11]-R2D2,FA-18C_hornet,<F=A=F>A2fou,F-16C_50,0
[EA11]-R2D2,FA-18C_hornet,<F=A=F>A2fou,F-16C_50,0
[EA11]-R2D2,FA-18C_hornet,<F=A=F>A2fou,F-16C_50,0
[EA11]-R2D2,FA-18C_hornet,<F=A=F>A2fou,F-16C_50,0
[EA11]-R2D2,FA-18C_hornet,<F=A=F>A2fou,F-16C_50,0
[EA11]-R2D2,FA-18C_hornet,<F=A=F>A2fou,F-16C_50,0
[EA11]-R2D2,FA-18C_hornet,<F=A=F>A2fou,F-16C_50,0
[EA11]-R2D2,FA-18C_hornet,<F=A=F>A2fou,F-16C_50,0
[EA11]-R2D2,FA-18C_hornet,<F=A=F>A2fou,F-16C_50,0
[EA11]-R2D2,FA-18C_hornet,<F=A=F>A2fou,F-16C_50,0
[EA11]-R2D2,FA-18C_hornet,<F=A=F>A2fou,F-16C_50,0
[EA11]-R2D2,FA-18C_hornet,<F=A=F>A2fou,F-16C_50,0
[EA11]-R2D2,FA-18C_hornet,<F=A=F>A2fou,F-16C_50,0
[EA11]-R2D2,FA-18C_hornet,<F=A=F>A2fou,F-16C_50,0
[EA11]-R2D2,FA-18C_hornet,<F=A=F>A2fou,F-16C_50,0
[EA11]-R2D2,FA-18C_hornet,<F=A=F>A2fou,F-16C_50,0
[EA11]-R2D2,FA-18C_hornet,<F=A=F>A2fou,F-16C_50,0
[EA11]-R2D2,FA-18C_hornet,<F=A=F>A2fou,F-16C_50,0
[EA11]-R2D2,FA-18C_hornet,<F=A=F>A2fou,F-16C_50,0
[EA11]-R2D2,FA-18C_hornet,<F=A=F>A2fou,F-16C_50,0
[EA11]-R2D2,FA-18C_hornet,<F=A=F>A2fou,F-16C_50,0
[EA11]-R2D2,FA-18C_hornet,<F=A=F>A2fou,F-16C_50,0
[EA11]-R2D2,FA-18C_hornet,<F=A=F>A2fou,F-16C_50,0
[EA11]-R2D2,FA-18C_hornet,<F=A=F>A2fou,F-16C_50,0
[EA11]-R2D2,FA-18C_hornet,<F=A=F>A2fou,F-16C_50,0
[EA11]-R2D2,FA-18C_hornet,<F=A=F>A2fou,F-16C_50,0
[EA11]-R2D2,FA-18C_hornet,<F=A=F>A2fou,F-16C_50,0
[EA11]-R2D2,FA-18C_hornet,<F=A=F>A2fou,F-16C_50,0
[EA11]-R2D2,FA-18C_hornet,<F=A=F>A2fou,F-16C_50,0
[EA11]-R2D2,FA-18C_hornet,<F=A=F>A2fou,F-16C_50,0
[EA11]-R2D2,FA-18C_hornet,<F=A=F>A2fou,F-16C_50,0
[EA11]-R2D2,FA-18C_hornet,<F=A=F>A2fou,F-16C_50,0
[EA11]-R2D2,FA-18C_hornet,<F=A=F>A2fou,F-16C_50,0
[EA11]-R2D2,FA-18C_hornet,<F=A=F>A2fou,F-16C_50,0
[EA11]-R2D2,FA-18C_hornet,<F=A=F>A2fou,F-16C_50,0
[EA11]-R2D2,FA-18C_hornet,<F=A=F>A2fou,F-16C_50,0
[EA11]-R2D2,FA-18C_hornet,<F=A=F>A2fou,F-16C_50,0
[EA11]-R2D2,FA-18C_hornet,<F=A=F>A2fou,F-16C_50,0
[EA11]-R2D2,FA-18C_hornet,<F=A=F>A2fou,F-16C_50,0
[EA11]-R2D2,FA-18C_hornet,<F=A=F>A2fou,F-16C_50,0
[EA11]-R2D2,FA-18C_hornet,<F=A=F>A2fou,F-16C_50,0
[EA11]-R2D2,FA-18C_hornet,<F=A=F>A2fou,F-16C_50,0
[EA11]-R2D2,FA-18C_hornet,<F=A=F>A2fou,F-16C_50,0
[EA11]-R2D2,FA-18C_hornet,<F=A=F>A2fou,F-16C_50,0
[EA11]-R2D2,FA-18C_hornet,<F=A=F>A2fou,F-16C_50,0
[EA11]-R2D2,FA-18C_hornet,<F=A=F>A2fou,F-16C_50,0
[EA11]-R2D2,FA-18C_hornet,<F=A=F>A2fou,F-16C_50,0
[EA11]-R2D2,FA-18C_hornet,<F=A=F>A2fou,F-16C_50,0
[EA11]-R2D2,FA-18C_hornet,<F=A=F>A2fou,F-16C_50,0
[EA11]-R2D2,FA-18C_hornet,<F=A=F>A2fou,F-16C_50,0
[EA11]-R2D2,FA-18C_hornet,<F=A=F>A2fou,F-16C_50,0
[EA11]-R2D2,FA-18C_hornet,<F=A=F>A2fou,F-16C_50,0
[EA11]-R2D2,FA-18C_hornet,<F=A=F>A2fou,F-16C_50,0
[EA11]-R2D2,FA-18C_hornet,<F=A=F>A2fou,F-16C_50,0
[EA11]-R2D2,FA-18C_hornet,<F=A=F>A2fou,F-16C_50,0
[EA11]-R2D2,FA-18C_hornet,<F=A=F>A2fou,F-16C_50,0
[EA11]-R2D2,FA-18C_hornet,<F=A=F>A2fou,F-16C_50,0
[EA11]-R2D2,FA-18C_hornet,<F=A=F>A2fou,F-16C_50,0
[EA11]-R2D2,FA-18C_hornet,<F=A=F>A2fou,F-16C_50,0
[EA11]-R2D2,FA-18C_hornet,<F=A=F>A2fou,F-16C_50,0
[EA11]-R2D2,FA-18C_hornet,<F=A=F>A2fou,F-16C_50,0
[EA11]-R2D2,FA-18C_hornet,<F=A=F>A2fou,F-16C_50,0
[EA11]-R2D2,FA-18C_hornet,<F=A=F>A2fou,F-16C_50,0
[EA11]-R2D2,FA-18C_hornet,<F=A=F>A2fou,F-16C_50,0
[EA11]-R2D2,FA-18C_hornet,<F=A=F>A2fou,F-16C_50,0
[EA11]-R2D2,FA-18C_hornet,<F=A=F>A2fou,F-16C_50,0
[EA11]-R2D2,FA-18C_hornet,<F=A=F>A2fou,F-16C_50,0
[EA11]-R2D2,FA-18C_hornet,<F=A=F>A2fou,F-16C_50,0
[EA11]-R2D2,FA-18C_hornet,<F=A=F>A2fou,F-16C_50,0
[EA11]-R2D2,FA-18C_hornet,<F=A=F>A2fou,F-16C_50,0
[EA11]-R2D2,FA-18C_hornet,<F=A=F>A2fou,F-16C_50,0
[EA11]-R2D2,FA-18C_hornet,<F=A=F>A2fou,F-16C_50,0
[EA11]-R2D2,FA-18C_hornet,<F=A=F>A2fou,F-16C_50,0
[EA11]-R2D2,FA-18C_hornet,<F=A=F>A2fou,F-16C_50,0
[EA11]-R2D2,FA-18C_hornet,<F=A=F>A2fou,F-16C_50,0
[EA11]-R2D2,FA-18C_hornet,<F=A=F>A2fou,F-16C_50,0
[EA11]-R2D2,FA-18C_hornet,<F=A=F>A2fou,F-16C_50,0
[EA11]-R2D2,FA-18C_hornet,<F=A=F>A2fou,F-16C_50,0
[EA11]-R2D2,FA-18C_hornet,<F=A=F>A2fou,F-16C_50,0
[EA11]-R2D2,FA-18C_hornet,<F=A=F>A2fou,F-16C_50,0
[EA11]-R2D2,FA-18C_hornet,<F=A=F>A2fou,F-16C_50,0
[EA11]-R2D2,FA-18C_hornet,<F=A=F>A2fou,F-16C_50,0
[EA11]-R2D2,FA-18C_hornet,<F=A=F>A2fou,F-16C_50,0
[EA11]-R2D2,FA-18C_hornet,<F=A=F>A2fou,F-16C_50,0
[EA11]-R2D2,FA-18C_hornet,<F=A=F>A2fou,F-16C_50,0
[EA11]-R2D2,FA-18C_hornet,<F=A=F>A2fou,F-16C_50,0
[EA11]-R2D2,FA-18C_hornet,<F=A=F>A2fou,F-16C_50,0
[EA11]-R2D2,FA-18C_hornet,<F=A=F>A2fou,F-16C_50,0
[EA11]-R2D2,FA-18C_hornet,<F=A=F>A2fou,F-16C_50,0
[EA11]-R2D2,FA-18C_hornet,<F=A=F>A2fou,F-16C_50,0
[EA11]-R2D2,FA-18C_hornet,<F=A=F>A2fou,F-16C_50,0
[EA11]-R2D2,FA-18C_hornet,<F=A=F>A2fou,F-16C_50,0
[EA11]-R2D2,FA-18C_hornet,<F=A=F>A2fou,F-16C_50,0
[EA11]-R2D2,FA-18C_hornet,<F=A=F>A2fou,F-16C_50,0
[EA11]-R2D2,FA-18C_hornet,<F=A=F>A2fou,F-16C_50,0
[EA11]-R2D2,FA-18C_hornet,<F=A=F>A2fou,F-16C_50,0
[EA11]-R2D2,FA-18C_hornet,<F=A=F>A2fou,F-16C_50,0
[EA11]-R2D2,FA-18C_hornet,<F=A=F>A2fou,F-16C_50,0
[EA11]-R2D2,FA-18C_hornet,<F=A=F>A2fou,F-16C_50,0
[EA11]-R2D2,FA-18C_hornet,<F=A=F>A2fou,F-16C_50,0
[EA11]-R2D2,FA-18C_hornet,<F=A=F>A2fou,F-16C_50,0
[EA11]-R2D2,FA-18C_hornet,<F=A=F>A2fou,F-16C_50,0
[EA11]-R2D2,FA-18C_hornet,<F=A=F>A2fou,F-16C_50,0
[EA11]-R2D2,FA-18C_hornet,<F=A=F>A2fou,F-16C_50,0
[EA11]-R2D2,FA-18C_hornet,<F=A=F>A2fou,F-16C_50,0
[EA11]-R2D2,FA-18C_hornet,<F=A=F>A2fou,F-16C_50,0
[EA11]-R2D2,FA-18C_hornet,<F=A=F>A2fou,F-16C_50,0
[EA11]-R2D2,FA-18C_hornet,<F=A=F>A2fou,F-16C_50,0
[EA11]-R2D2,FA-18C_hornet,<F=A=F>A2fou,F-16C_50,0
[EA11]-R2D2,FA-18C_hornet,<F=A=F>A2fou,F-16C_50,0
[EA11]-R2D2,FA-18C_hornet,<F=A=F>A2fou,F-16C_50,0
[EA11]-R2D2,FA-18C_hornet,<F=A=F>A2fou,F-16C_50,0
[EA11]-R2D2,FA-18C_hornet,<F=A=F>A2fou,F-16C_50,0
[EA11]-R2D2,FA-18C_hornet,<F=A=F>A2fou,F-16C_50,0
[EA11]-R2D2,FA-18C_hornet,<F=A=F>A2fou,F-16C_50,0
[EA11]-R2D2,FA-18C_hornet,<F=A=F>A2fou,F-16C_50,0
[EA11]-R2D2,FA-18C_hornet,<F=A=F>A2fou,F-16C_50,0
[EA11]-R2D2,FA-18C_hornet,<F=A=F>A2fou,F-16C_50,0
[EA11]-R2D2,FA-18C_hornet,<F=A=F>A2fou,F-16C_50,0
[EA11]-R2D2,FA-18C_hornet,<F=A=F>A2fou,F-16C_50,0
[EA11]-R2D2,FA-18C_hornet,<F=A=F>A2fou,F-16C_50,0
[EA11]-R2D2,FA-18C_hornet,<F=A=F>A2fou,F-16C_50,0
[EA11]-R2D2,FA-18C_hornet,<F=A=F>A2fou,F-16C_50,0
[EA11]-R2D2,FA-18C_hornet,<F=A=F>A2fou,F-16C_50,0
[EA11]-R2D2,FA-18C_hornet,<F=A=F>A2fou,F-16C_50,0
[EA11]-R2D2,FA-18C_hornet,<F=A=F>A2fou,F-16C_50,0
[EA11]-R2D2,FA-18C_hornet,<F=A=F>A2fou,F-16C_50,0
[EA11]-R2D2,FA-18C_hornet,<F=A=F>A2fou,F-16C_50,0
[EA11]-R2D2,FA-18C_hornet,<F=A=F>A2fou,F-16C_50,0
[EA11]-R2D2,FA-18C_hornet,<F=A=F>A2fou,F-16C_50,0
[EA11]-R2D2,FA-18C_hornet,<F=A=F>A2fou,F-16C_50,0
[EA11]-R2D2,FA-18C_hornet,<F=A=F>A2fou,F-16C_50,0
[EA11]-R2D2,FA-18C_hornet,<F=A=F>A2fou,F-16C_50,0
[EA11]-R2D2,FA-18C_hornet,<F=A=F>A2fou,F-16C_50,0
[EA11]-R2D2,FA-18C_hornet,<F=A=F>A2fou,F-16C_50,0
[EA11]-R2D2,FA-18C_hornet,<F=A=F>A2fou,F-16C_50,0
[EA11]-R2D2,FA-18C_hornet,<F=A=F>A2fou,F-16C_50,0
[EA11]-R2D2,FA-18C_hornet,<F=A=F>A2fou,F-16C_50,0
[EA11]-R2D2,FA-18C_hornet,<F=A=F>A2fou,F-16C_50,0
RF3-6 ChrisAngel96,M-2000C,VALTA,F-14B,0
RF3-6 ChrisAngel96,M-2000C,VALTA,F-14B,0
RF3-6 ChrisAngel96,M-2000C,VALTA,F-14B,0
RF3-6 ChrisAngel96,M-2000C,VALTA,F-14B,0
RF3-6 ChrisAngel96,M-2000C,VALTA,F-14B,0
RF3-6 ChrisAngel96,M-2000C,VALTA,F-14B,0
RF3-6 ChrisAngel96,M-2000C,VALTA,F-14B,0
RF3-6 ChrisAngel96,M-2000C,VALTA,F-14B,0
RF3-6 ChrisAngel96,M-2000C,VALTA,F-14B,0
RF3-6 ChrisAngel96,M-2000C,VALTA,F-14B,0
RF3-6 ChrisAngel96,M-2000C,VALTA,F-14B,0
RF3-6 ChrisAngel96,M-2000C,VALTA,F-14B,0
RF3-6 ChrisAngel96,M-2000C,VALTA,F-14B,0
RF3-6 ChrisAngel96,M-2000C,VALTA,F-14B,0
RF3-6 ChrisAngel96,M-2000C,VALTA,F-14B,0
RF3-6 ChrisAngel96,M-2000C,VALTA,F-14B,0
RF3-6 ChrisAngel96,M-2000C,VALTA,F-14B,0
RF3-6 ChrisAngel96,M-2000C,VALTA,F-14B,0
RF3-6 ChrisAngel96,M-2000C,VALTA,F-14B,0
RF3-6 ChrisAngel96,M-2000C,VALTA,F-14B,0
RF3-6 ChrisAngel96,M-2000C,VALTA,F-14B,0
RF3-6 ChrisAngel96,M-2000C,VALTA,F-14B,0
RF3-6 ChrisAngel96,M-2000C,VALTA,F-14B,0
RF3-6 ChrisAngel96,M-2000C,VALTA,F-14B,0
RF3-6 ChrisAngel96,M-2000C,VALTA,F-14B,0
RF3-6 ChrisAngel96,M-2000C,VALTA,F-14B,0
RF3-6 ChrisAngel96,M-2000C,VALTA,F-14B,0
RF3-6 ChrisAngel96,M-2000C,VALTA,F-14B,0
RF3-6 ChrisAngel96,M-2000C,VALTA,F-14B,0
RF3-6 ChrisAngel96,M-2000C,VALTA,F-14B,0
RF3-6 ChrisAngel96,M-2000C,VALTA,F-14B,0
RF3-6 ChrisAngel96,M-2000C,VALTA,F-14B,0
RF3-6 ChrisAngel96,M-2000C,VALTA,F-14B,0
RF3-6 ChrisAngel96,M-2000C,VALTA,F-14B,0
RF3-6 ChrisAngel96,M-2000C,VALTA,F-14B,0
RF3-6 ChrisAngel96,M-2000C,VALTA,F-14B,0
RF3-6 ChrisAngel96,M-2000C,VALTA,F-14B,0
RF3-6 ChrisAngel96,M-2000C,VALTA,F-14B,0
RF3-6 ChrisAngel96,M-2000C,VALTA,F-14B,0
RF3-6 ChrisAngel96,M-2000C,VALTA,F-14B,0
RF3-6 ChrisAngel96,M-2000C,VALTA,F-14B,0
RF3-6 ChrisAngel96,M-2000C,VALTA,F-14B,0
RF3-6 ChrisAngel96,M-2000C,VALTA,F-14B,0
RF3-6 ChrisAngel96,M-2000C,VALTA,F-14B,0
RF3-6 ChrisAngel96,M-2000C,VALTA,F-14B,0
RF3-6 ChrisAngel96,M-2000C,VALTA,F-14B,0
RF3-6 ChrisAngel96,M-2000C,VALTA,F-14B,0
RF3-6 ChrisAngel96,M-2000C,VALTA,F-14B,0
RF3-6 ChrisAngel96,M-2000C,VALTA,F-14B,0
RF3-6 ChrisAngel96,M-2000C,VALTA,F-14B,0
RF3-6 ChrisAngel96,M-2000C,VALTA,F-14B,0
RF3-6 ChrisAngel96,M-2000C,VALTA,F-14B,0
RF3-6 ChrisAngel96,M-2000C,VALTA,F-14B,0
RF3-6 ChrisAngel96,M-2000C,VALTA,F-14B,0
RF3-6 ChrisAngel96,M-2000C,VALTA,F-14B,0
RF3-6 ChrisAngel96,M-2000C,VALTA,F-14B,0
RF3-6 ChrisAngel96,M-2000C,VALTA,F-14B,0
RF3-6 ChrisAngel96,M-2000C,VALTA,F-14B,0
RF3-6 ChrisAngel96,M-2000C,VALTA,F-14B,0
RF3-6 ChrisAngel96,M-2000C,VALTA,F-14B,0
RF3-6 ChrisAngel96,M-2000C,VALTA,F-14B,0
RF3-6 ChrisAngel96,M-2000C,VALTA,F-14B,0
RF3-6 ChrisAngel96,M-2000C,VALTA,F-14B,0
RF3-6 ChrisAngel96,M-2000C,VALTA,F-14B,0
RF3-6 ChrisAngel96,M-2000C,VALTA,F-14B,0
RF3-6 ChrisAngel96,M-2000C,VALTA,F-14B,0
RF3-6 ChrisAngel96,M-2000C,VALTA,F-14B,0
RF3-6 ChrisAngel96,M-2000C,VALTA,F-14B,0
RF3-6 ChrisAngel96,M-2000C,VALTA,F-14B,0
RF3-6 ChrisAngel96,M-2000C,VALTA,F-14B,0
RF3-6 ChrisAngel96,M-2000C,VALTA,F-14B,0
RF3-6 ChrisAngel96,M-2000C,VALTA,F-14B,0
RF3-6 ChrisAngel96,M-2000C,VALTA,F-14B,0
RF3-6 ChrisAngel96,M-2000C,VALTA,F-14B,0
RF3-6 ChrisAngel96,M-2000C,VALTA,F-14B,0
RF3-6 ChrisAngel96,M-2000C,VALTA,F-14B,0
RF3-6 ChrisAngel96,M-2000C,VALTA,F-14B,0
RF3-6 ChrisAngel96,M-2000C,VALTA,F-14B,0
RF3-6 ChrisAngel96,M-2000C,VALTA,F-14B,0
RF3-6 ChrisAngel96,M-2000C,VALTA,F-14B,0
RF3-6 ChrisAngel96,M-2000C,VALTA,F-14B,0
RF3-6 ChrisAngel96,M-2000C,VALTA,F-14B,0
RF3-6 ChrisAngel96,M-2000C,VALTA,F-14B,0
RF3-6 ChrisAngel96,M-2000C,VALTA,F-14B,0
RF3-6 ChrisAngel96,M-2000C,VALTA,F-14B,0
RF3-6 ChrisAngel96,M-2000C,VALTA,F-14B,0
RF3-6 ChrisAngel96,M-2000C,VALTA,F-14B,0
RF3-6 ChrisAngel96,M-2000C,VALTA,F-14B,0
RF3-6 ChrisAngel96,M-2000C,VALTA,F-14B,0
RF3-6 ChrisAngel96,M-2000C,VALTA,F-14B,0
RF3-6 ChrisAngel96,M-2000C,VALTA,F-14B,0
RF3-6 ChrisAngel96,M-2000C,VALTA,F-14B,0
RF3-6 ChrisAngel96,M-2000C,VALTA,F-14B,0
RF3-6 ChrisAngel96,M-2000C,VALTA,F-14B,0
RF3-6 ChrisAngel96,M-2000C,VALTA,F-14B,0
CR | OuiOui,M-2000C,Madmat,M-2000C,1
CR | OuiOui,M-2000C,Madmat,M-2000C,1
CR | OuiOui,M-2000C,Madmat,M-2000C,1
CR | OuiOui,M-2000C,Madmat,M-2000C,1
CR | OuiOui,M-2000C,Madmat,M-2000C,1
Madmat,M-2000C,CR | OuiOui,M-2000C,0
Madmat,FA-18C_hornet,CR | OuiOui,FA-18C_hornet,0
Madmat,FA-18C_hornet,CR | OuiOui,FA-18C_hornet,0
Madmat,FA-18C_hornet,CR | OuiOui,FA-18C_hornet,0
Madmat,M-2000C,CR | OuiOui,M-2000C,1
Madmat,M-2000C,CR | OuiOui,M-2000C,1
Madmat,M-2000C,CR | OuiOui,M-2000C,1
Madmat,M-2000C,CR | OuiOui,M-2000C,1
Eagle 3-4 | Virus,FA-18C_hornet,Madmat,FA-18C_hornet,1
Eagle 3-4 | Virus,FA-18C_hornet,Madmat,FA-18C_hornet,1
Eagle 3-4 | Virus,FA-18C_hornet,Madmat,FA-18C_hornet,1
Eagle 3-4 | Virus,FA-18C_hornet,Madmat,FA-18C_hornet,1
Eagle 3-4 | Virus,FA-18C_hornet,Madmat,FA-18C_hornet,1
Eagle 3-4 | Virus,FA-18C_hornet,Madmat,FA-18C_hornet,1
Eagle 3-4 | Virus,FA-18C_hornet,Madmat,FA-18C_hornet,1
Eagle 3-4 | Virus,FA-18C_hornet,Madmat,FA-18C_hornet,1
Eagle 3-4 | Virus,FA-18C_hornet,Madmat,FA-18C_hornet,1
Eagle 3-4 | Virus,FA-18C_hornet,Madmat,FA-18C_hornet,1
Eagle 3-4 | Virus,FA-18C_hornet,Madmat,FA-18C_hornet,1
Eagle 3-4 | Virus,FA-18C_hornet,Madmat,FA-18C_hornet,1
Eagle 3-4 | Virus,FA-18C_hornet,Madmat,FA-18C_hornet,1
Eagle 3-4 | Virus,FA-18C_hornet,Madmat,FA-18C_hornet,1
Eagle 3-4 | Virus,FA-18C_hornet,Madmat,FA-18C_hornet,1
Eagle 3-4 | Virus,FA-18C_hornet,Madmat,FA-18C_hornet,1
Eagle 3-4 | Virus,FA-18C_hornet,Madmat,FA-18C_hornet,1
Eagle 3-4 | Virus,FA-18C_hornet,Madmat,FA-18C_hornet,1
Eagle 3-4 | Virus,FA-18C_hornet,Madmat,FA-18C_hornet,1
Eagle 3-4 | Virus,FA-18C_hornet,Madmat,FA-18C_hornet,1
Eagle 3-4 | Virus,FA-18C_hornet,Madmat,FA-18C_hornet,1
Eagle 3-4 | Virus,FA-18C_hornet,Madmat,FA-18C_hornet,1
Eagle 3-4 | Virus,FA-18C_hornet,Madmat,FA-18C_hornet,1
Eagle 3-4 | Virus,FA-18C_hornet,Madmat,FA-18C_hornet,1
Eagle 3-4 | Virus,FA-18C_hornet,Madmat,FA-18C_hornet,1
Eagle 3-4 | Virus,FA-18C_hornet,Madmat,FA-18C_hornet,1
Eagle 3-4 | Virus,FA-18C_hornet,Madmat,FA-18C_hornet,1
Eagle 3-4 | Virus,FA-18C_hornet,Madmat,FA-18C_hornet,1
Eagle 3-4 | Virus,FA-18C_hornet,Madmat,FA-18C_hornet,1
Eagle 3-4 | Virus,FA-18C_hornet,Madmat,FA-18C_hornet,1
Eagle 3-4 | Virus,FA-18C_hornet,Madmat,FA-18C_hornet,1
Eagle 3-4 | Virus,FA-18C_hornet,Madmat,FA-18C_hornet,1
Eagle 3-4 | Virus,FA-18C_hornet,Madmat,FA-18C_hornet,1
Eagle 3-4 | Virus,FA-18C_hornet,Madmat,FA-18C_hornet,1
Eagle 3-4 | Virus,FA-18C_hornet,Madmat,FA-18C_hornet,1
Eagle 3-4 | Virus,FA-18C_hornet,Madmat,FA-18C_hornet,1
Eagle 3-4 | Virus,FA-18C_hornet,Madmat,FA-18C_hornet,1
Eagle 3-4 | Virus,FA-18C_hornet,Madmat,FA-18C_hornet,1
[CR] Wolkern721,F-16C_50,CoubyStark,JF-17,0
[CR] Wolkern721,F-16C_50,CoubyStark,JF-17,0
[CR] Wolkern721,F-16C_50,CoubyStark,JF-17,0
[CR] Wolkern721,F-16C_50,Eagle 3-4 | Virus,FA-18C_hornet,1
[CR] Wolkern721,F-16C_50,Eagle 3-4 | Virus,FA-18C_hornet,1
[CR] Wolkern721,F-16C_50,Eagle 3-4 | Virus,FA-18C_hornet,1
[CR] Wolkern721,F-16C_50,Eagle 3-4 | Virus,FA-18C_hornet,1
Psycho,FA-18C_hornet,Eagle 3-4 | Virus,FA-18C_hornet,1
Psycho,FA-18C_hornet,Eagle 3-4 | Virus,FA-18C_hornet,1
Psycho,FA-18C_hornet,Eagle 3-4 | Virus,FA-18C_hornet,1
[CR] Wolkern721,F-16C_50,Cirrus 2-5 | FaKitZ,F-16C_50,0
[CR] Wolkern721,F-16C_50,Cirrus 2-5 | FaKitZ,F-16C_50,0
[CR] Wolkern721,F-16C_50,Cirrus 2-5 | FaKitZ,F-16C_50,0
[CR] Wolkern721,F-16C_50,Cirrus 2-5 | FaKitZ,F-16C_50,0
CoubyStark,FA-18C_hornet,CR | OuiOui,FA-18C_hornet,0
CoubyStark,FA-18C_hornet,CR | OuiOui,FA-18C_hornet,0
CR | OuiOui,FA-18C_hornet,CoubyStark,FA-18C_hornet,0
CR | OuiOui,FA-18C_hornet,CoubyStark,FA-18C_hornet,0
CoubyStark,FA-18C_hornet,CR | OuiOui,FA-18C_hornet,0
CoubyStark,FA-18C_hornet,CR | OuiOui,FA-18C_hornet,0
CoubyStark,FA-18C_hornet,CR | OuiOui,FA-18C_hornet,0
CoubyStark,FA-18C_hornet,CR | OuiOui,FA-18C_hornet,0
CoubyStark,FA-18C_hornet,CR | OuiOui,FA-18C_hornet,0
CoubyStark,FA-18C_hornet,CR | OuiOui,FA-18C_hornet,0
CoubyStark,FA-18C_hornet,CR | OuiOui,FA-18C_hornet,0
CoubyStark,FA-18C_hornet,CR | OuiOui,FA-18C_hornet,0
CoubyStark,FA-18C_hornet,CR | OuiOui,FA-18C_hornet,0
CoubyStark,FA-18C_hornet,CR | OuiOui,FA-18C_hornet,0
Psycho,FA-18C_hornet,VALTA,M-2000C,1
Psycho,FA-18C_hornet,VALTA,M-2000C,1
Psycho,FA-18C_hornet,VALTA,F-15ESE,1
Psycho,FA-18C_hornet,VALTA,F-15ESE,1
Psycho,FA-18C_hornet,VALTA,M-2000C,1
Psycho,FA-18C_hornet,VALTA,M-2000C,1
VALTA,M-2000C,Psycho,FA-18C_hornet,1
VALTA,M-2000C,Psycho,FA-18C_hornet,1
Madmat,M-2000C,VALTA,M-2000C,1
SERAPH 1-1 Galinette,M-2000C,VALTA,M-2000C,0
SERAPH 1-1 Galinette,M-2000C,VALTA,M-2000C,0
VALTA,M-2000C,Madmat,M-2000C,0
VALTA,M-2000C,Madmat,M-2000C,0
Madmat,M-2000C,SERAPH 1-1 Galinette,M-2000C,0
Madmat,M-2000C,SERAPH 1-1 Galinette,M-2000C,0
CoubyStark,M-2000C,VALTA,M-2000C,0
VALTA,F-4E-45MC,Player,Su-27,1
VALTA,F-4E-45MC,Player,Su-27,1
VALTA,F-4E-45MC,Player,Su-27,1
VALTA,F-4E-45MC,Player,Su-27,1
VALTA,F-4E-45MC,Player,Su-27,1
VALTA,F-4E-45MC,Player,Su-27,1
VALTA,F-4E-45MC,Player,Su-27,1
VALTA,F-4E-45MC,Player,Su-27,1
VALTA,F-4E-45MC,Player,Su-27,1
VALTA,F-4E-45MC,Player,Su-27,1
VALTA,F-4E-45MC,Player,Su-27,1
VALTA,F-4E-45MC,Player,Su-27,1
VALTA,F-4E-45MC,Player,Su-27,1
VALTA,F-4E-45MC,Player,Su-27,1
VALTA,F-4E-45MC,Player,Su-27,1
VALTA,F-4E-45MC,Player,Su-27,0
VALTA,F-4E-45MC,Player,Su-27,0
VALTA,F-4E-45MC,Player,Su-27,0
VALTA,F-4E-45MC,Player,Su-27,0
VALTA,F-4E-45MC,Player,Su-27,0
VALTA,F-4E-45MC,Player,Su-27,0
VALTA,F-4E-45MC,Player,Su-27,0
VALTA,F-4E-45MC,Player,Su-27,0
VALTA,F-4E-45MC,Player,Su-27,0
VALTA,F-4E-45MC,Player,Su-27,0
VALTA,F-4E-45MC,Player,Su-27,0
VALTA,F-4E-45MC,Player,Su-27,0
VALTA,F-4E-45MC,Player,Su-27,0
VALTA,F-4E-45MC,Player,Su-27,0
VALTA,F-4E-45MC,Player,Su-27,0
VALTA,F-4E-45MC,Player,Su-27,0
Psycho,FA-18C_hornet,ROCCO 1-4 | 51-Patpat,FA-18C_hornet,1
Psycho,FA-18C_hornet,ROCCO 1-4 | 51-Patpat,FA-18C_hornet,1
Psycho,FA-18C_hornet,ROCCO 1-4 | 51-Patpat,FA-18C_hornet,0
Psycho,FA-18C_hornet,ROCCO 1-4 | 51-Patpat,FA-18C_hornet,0
Psycho,FA-18C_hornet,ROCCO 1-4 | 51-Patpat,FA-18C_hornet,0
Psycho,FA-18C_hornet,ROCCO 1-4 | 51-Patpat,FA-18C_hornet,0
ROCCO 1-4 | 51-Patpat,FA-18C_hornet,Psycho,FA-18C_hornet,1
ROCCO 1-4 | 51-Patpat,FA-18C_hornet,Psycho,FA-18C_hornet,1
SERAPH 1-1 Galinette,M-2000C,CoubyStark,M-2000C,0
SERAPH 1-1 Galinette,M-2000C,CoubyStark,M-2000C,0
SERAPH 1-1 Galinette,M-2000C,CoubyStark,M-2000C,0
Madmat,M-2000C,AAEEG | OuiOui,M-2000C,0
Madmat,M-2000C,AAEEG | OuiOui,M-2000C,0
Madmat,M-2000C,AAEEG | OuiOui,M-2000C,0
Madmat,M-2000C,AAEEG | OuiOui,M-2000C,0
Madmat,M-2000C,AAEEG | OuiOui,M-2000C,0
Madmat,M-2000C,AAEEG | OuiOui,M-2000C,0
Madmat,M-2000C,AAEEG | OuiOui,M-2000C,0
Cirrus 2-5 | FaKitZ,F-16C_50,VALTA,M-2000C,1
SERAPH 1-1 Galinette,M-2000C,[LD_E] Noz,M-2000C,0
SERAPH 1-1 Galinette,M-2000C,[LD_E] Noz,M-2000C,1
Psycho,FA-18C_hornet,CoubyStark,M-2000C,0
Madmat,M-2000C,Cirrus 2-5 | FaKitZ,F-16C_50,1
Madmat,M-2000C,Cirrus 2-5 | FaKitZ,F-16C_50,1
Cirrus 2-5 | FaKitZ,F-16C_50,SERAPH 1-1 Galinette,M-2000C,0
Cirrus 2-5 | FaKitZ,F-16C_50,SERAPH 1-1 Galinette,M-2000C,0
Cirrus 2-5 | FaKitZ,F-16C_50,SERAPH 1-1 Galinette,M-2000C,0
Psycho,FA-18C_hornet,VALTA,M-2000C,0
Psycho,FA-18C_hornet,VALTA,M-2000C,0
Psycho,FA-18C_hornet,Cirrus 2-5 | FaKitZ,F-16C_50,1
Psycho,FA-18C_hornet,Cirrus 2-5 | FaKitZ,F-16C_50,1
Psycho,FA-18C_hornet,Cirrus 2-5 | FaKitZ,F-16C_50,1
Psycho,FA-18C_hornet,Cirrus 2-5 | FaKitZ,F-16C_50,1
Psycho,FA-18C_hornet,Cirrus 2-5 | FaKitZ,F-16C_50,1
Madmat,M-2000C,CoubyStark,M-2000C,1
Madmat,M-2000C,CoubyStark,M-2000C,1
Madmat,M-2000C,CoubyStark,M-2000C,1
CoubyStark,M-2000C,Madmat,M-2000C,1
CoubyStark,M-2000C,Madmat,M-2000C,1
Madmat,M-2000C,CoubyStark,M-2000C,0
Madmat,M-2000C,CoubyStark,M-2000C,0
Madmat,M-2000C,CoubyStark,M-2000C,0
Madmat,M-2000C,CoubyStark,M-2000C,0
Madmat,M-2000C,CoubyStark,M-2000C,0
Madmat,M-2000C,CoubyStark,M-2000C,0
Madmat,M-2000C,CoubyStark,M-2000C,0
Madmat,M-2000C,CoubyStark,M-2000C,0
Madmat,M-2000C,CoubyStark,M-2000C,0
Madmat,M-2000C,CoubyStark,M-2000C,0
Madmat,M-2000C,CoubyStark,M-2000C,0
Madmat,M-2000C,CoubyStark,M-2000C,0
Madmat,M-2000C,CoubyStark,M-2000C,0
Madmat,M-2000C,CoubyStark,M-2000C,0
Madmat,M-2000C,CoubyStark,M-2000C,0
Madmat,M-2000C,CoubyStark,M-2000C,0
Madmat,M-2000C,CoubyStark,M-2000C,0
Madmat,M-2000C,CoubyStark,M-2000C,0
Madmat,M-2000C,CoubyStark,M-2000C,0
Madmat,M-2000C,CoubyStark,M-2000C,0
Madmat,M-2000C,CoubyStark,M-2000C,0
Madmat,M-2000C,CoubyStark,M-2000C,0
Madmat,M-2000C,CoubyStark,M-2000C,0
Madmat,M-2000C,CoubyStark,M-2000C,0
Madmat,M-2000C,CoubyStark,M-2000C,0
Madmat,M-2000C,CoubyStark,M-2000C,0
Madmat,M-2000C,CoubyStark,M-2000C,0
Madmat,M-2000C,CoubyStark,M-2000C,0
Madmat,M-2000C,CoubyStark,M-2000C,0
Madmat,M-2000C,CoubyStark,M-2000C,0
Madmat,M-2000C,CoubyStark,M-2000C,0
Madmat,M-2000C,CoubyStark,M-2000C,0
Madmat,M-2000C,CoubyStark,M-2000C,0
Madmat,M-2000C,CoubyStark,M-2000C,0
Madmat,M-2000C,CoubyStark,M-2000C,0
Madmat,M-2000C,CoubyStark,M-2000C,0
Madmat,M-2000C,CoubyStark,M-2000C,0
Madmat,M-2000C,CoubyStark,M-2000C,0
Madmat,M-2000C,CoubyStark,M-2000C,0
Madmat,M-2000C,CoubyStark,M-2000C,0
Madmat,M-2000C,CoubyStark,M-2000C,0
Madmat,M-2000C,CoubyStark,M-2000C,0
Madmat,M-2000C,CoubyStark,M-2000C,0
Madmat,M-2000C,CoubyStark,M-2000C,0
Madmat,M-2000C,CoubyStark,M-2000C,0
Madmat,M-2000C,CoubyStark,M-2000C,0
Madmat,M-2000C,CoubyStark,M-2000C,0
Madmat,M-2000C,CoubyStark,M-2000C,0
Madmat,M-2000C,CoubyStark,M-2000C,0
Madmat,M-2000C,CoubyStark,M-2000C,0
Madmat,M-2000C,CoubyStark,M-2000C,0
Madmat,M-2000C,CoubyStark,M-2000C,0
Madmat,M-2000C,CoubyStark,M-2000C,0
Madmat,M-2000C,CoubyStark,M-2000C,0
Madmat,M-2000C,CoubyStark,M-2000C,0
Madmat,M-2000C,CoubyStark,M-2000C,0
[LD_E] Noz,M-2000C,Fresco 1-4 | Darkblue,MiG-21Bis,1
[LD_E] Noz,M-2000C,Fresco 1-4 | Darkblue,MiG-21Bis,1
[LD_E] Noz,M-2000C,Fresco 1-4 | Darkblue,MiG-21Bis,1
[LD_E] Noz,M-2000C,Fresco 1-4 | Darkblue,MiG-21Bis,1
[LD_E] Noz,M-2000C,Fresco 1-4 | Darkblue,MiG-21Bis,1
[LD_E] Noz,M-2000C,Fresco 1-4 | Darkblue,MiG-21Bis,1
[LD_E] Noz,M-2000C,Fresco 1-4 | Darkblue,MiG-21Bis,1
[LD_E] Noz,M-2000C,Fresco 1-4 | Darkblue,MiG-21Bis,1
[LD_E] Noz,M-2000C,Fresco 1-4 | Darkblue,MiG-21Bis,1
[LD_E] Noz,M-2000C,Fresco 1-4 | Darkblue,MiG-21Bis,1
[LD_E] Noz,M-2000C,Fresco 1-4 | Darkblue,MiG-21Bis,1
[LD_E] Noz,M-2000C,Fresco 1-4 | Darkblue,MiG-21Bis,1
[LD_E] Noz,M-2000C,Fresco 1-4 | Darkblue,MiG-21Bis,1
[LD_E] Noz,M-2000C,Fresco 1-4 | Darkblue,MiG-21Bis,1
[LD_E] Noz,M-2000C,Fresco 1-4 | Darkblue,MiG-21Bis,1
[LD_E] Noz,M-2000C,Fresco 1-4 | Darkblue,MiG-21Bis,1
[LD_E] Noz,M-2000C,Fresco 1-4 | Darkblue,MiG-21Bis,1
[LD_E] Noz,M-2000C,Fresco 1-4 | Darkblue,MiG-21Bis,1
[LD_E] Noz,M-2000C,Fresco 1-4 | Darkblue,MiG-21Bis,1
[LD_E] Noz,M-2000C,Fresco 1-4 | Darkblue,MiG-21Bis,1
[LD_E] Noz,M-2000C,Fresco 1-4 | Darkblue,MiG-21Bis,1
[LD_E] Noz,M-2000C,Fresco 1-4 | Darkblue,MiG-21Bis,1
[LD_E] Noz,M-2000C,Fresco 1-4 | Darkblue,MiG-21Bis,1
[LD_E] Noz,M-2000C,Fresco 1-4 | Darkblue,MiG-21Bis,1
[LD_E] Noz,M-2000C,Fresco 1-4 | Darkblue,MiG-21Bis,1
[LD_E] Noz,M-2000C,Fresco 1-4 | Darkblue,MiG-21Bis,1
[LD_E] Noz,M-2000C,Fresco 1-4 | Darkblue,MiG-21Bis,1
[LD_E] Noz,M-2000C,Fresco 1-4 | Darkblue,MiG-21Bis,1
[LD_E] Noz,M-2000C,Fresco 1-4 | Darkblue,MiG-21Bis,1
[LD_E] Noz,M-2000C,Fresco 1-4 | Darkblue,MiG-21Bis,1
[LD_E] Noz,M-2000C,Fresco 1-4 | Darkblue,MiG-21Bis,1
[LD_E] Noz,M-2000C,Fresco 1-4 | Darkblue,MiG-21Bis,1
[LD_E] Noz,M-2000C,Fresco 1-4 | Darkblue,MiG-21Bis,1
[LD_E] Noz,M-2000C,Fresco 1-4 | Darkblue,MiG-21Bis,1
[LD_E] Noz,M-2000C,Fresco 1-4 | Darkblue,MiG-21Bis,1
[LD_E] Noz,M-2000C,Fresco 1-4 | Darkblue,MiG-21Bis,1
[LD_E] Noz,M-2000C,Fresco 1-4 | Darkblue,MiG-21Bis,1
[LD_E] Noz,M-2000C,Fresco 1-4 | Darkblue,MiG-21Bis,1
[LD_E] Noz,M-2000C,Fresco 1-4 | Darkblue,MiG-21Bis,1
[LD_E] Noz,M-2000C,Fresco 1-4 | Darkblue,MiG-21Bis,1
[LD_E] Noz,M-2000C,Fresco 1-4 | Darkblue,MiG-21Bis,1
[LD_E] Noz,M-2000C,Fresco 1-4 | Darkblue,MiG-21Bis,1
[LD_E] Noz,M-2000C,Fresco 1-4 | Darkblue,MiG-21Bis,1
[LD_E] Noz,M-2000C,Fresco 1-4 | Darkblue,MiG-21Bis,1
[LD_E] Noz,M-2000C,Fresco 1-4 | Darkblue,MiG-21Bis,1
[LD_E] Noz,M-2000C,Fresco 1-4 | Darkblue,MiG-21Bis,1
[LD_E] Noz,M-2000C,Fresco 1-4 | Darkblue,MiG-21Bis,1
[LD_E] Noz,M-2000C,Fresco 1-4 | Darkblue,MiG-21Bis,1
[LD_E] Noz,M-2000C,Fresco 1-4 | Darkblue,MiG-21Bis,1
[LD_E] Noz,M-2000C,Fresco 1-4 | Darkblue,MiG-21Bis,1
[LD_E] Noz,M-2000C,Fresco 1-4 | Darkblue,MiG-21Bis,1
[LD_E] Noz,M-2000C,Fresco 1-4 | Darkblue,MiG-21Bis,1
[LD_E] Noz,M-2000C,Fresco 1-4 | Darkblue,MiG-21Bis,1
[LD_E] Noz,M-2000C,Fresco 1-4 | Darkblue,MiG-21Bis,1
[LD_E] Noz,M-2000C,Fresco 1-4 | Darkblue,MiG-21Bis,1
[LD_E] Noz,M-2000C,Fresco 1-4 | Darkblue,MiG-21Bis,1
[LD_E] Noz,M-2000C,Fresco 1-4 | Darkblue,MiG-21Bis,1
[LD_E] Noz,M-2000C,Fresco 1-4 | Darkblue,MiG-21Bis,1
[LD_E] Noz,M-2000C,Fresco 1-4 | Darkblue,MiG-21Bis,1
[LD_E] Noz,M-2000C,Fresco 1-4 | Darkblue,MiG-21Bis,1
[LD_E] Noz,M-2000C,Fresco 1-4 | Darkblue,MiG-21Bis,1
[LD_E] Noz,M-2000C,Fresco 1-4 | Darkblue,MiG-21Bis,1
[LD_E] Noz,M-2000C,Fresco 1-4 | Darkblue,MiG-21Bis,1
[LD_E] Noz,M-2000C,Fresco 1-4 | Darkblue,MiG-21Bis,1
[LD_E] Noz,M-2000C,Fresco 1-4 | Darkblue,MiG-21Bis,1
[LD_E] Noz,M-2000C,Fresco 1-4 | Darkblue,MiG-21Bis,1
[LD_E] Noz,M-2000C,Fresco 1-4 | Darkblue,MiG-21Bis,1
[LD_E] Noz,M-2000C,Fresco 1-4 | Darkblue,MiG-21Bis,1
[LD_E] Noz,M-2000C,Fresco 1-4 | Darkblue,MiG-21Bis,1
[LD_E] Noz,M-2000C,Fresco 1-4 | Darkblue,MiG-21Bis,1
[LD_E] Noz,M-2000C,Fresco 1-4 | Darkblue,MiG-21Bis,1
[LD_E] Noz,M-2000C,Fresco 1-4 | Darkblue,MiG-21Bis,1
[LD_E] Noz,M-2000C,Fresco 1-4 | Darkblue,MiG-21Bis,1
[LD_E] Noz,M-2000C,Fresco 1-4 | Darkblue,MiG-21Bis,1
[LD_E] Noz,M-2000C,Fresco 1-4 | Darkblue,MiG-21Bis,1
[LD_E] Noz,M-2000C,Fresco 1-4 | Darkblue,MiG-21Bis,1
[LD_E] Noz,M-2000C,Fresco 1-4 | Darkblue,MiG-21Bis,1
[LD_E] Noz,M-2000C,Fresco 1-4 | Darkblue,MiG-21Bis,1
[LD_E] Noz,M-2000C,Fresco 1-4 | Darkblue,MiG-21Bis,1
[LD_E] Noz,M-2000C,Fresco 1-4 | Darkblue,MiG-21Bis,1
[LD_E] Noz,M-2000C,Fresco 1-4 | Darkblue,MiG-21Bis,1
[LD_E] Noz,M-2000C,Fresco 1-4 | Darkblue,MiG-21Bis,1
[LD_E] Noz,M-2000C,Fresco 1-4 | Darkblue,MiG-21Bis,1
[LD_E] Noz,M-2000C,Fresco 1-4 | Darkblue,MiG-21Bis,1